normalized_text,display_text,lawgic_topic_id,topic_index,scores,source_datasets,native_annotations,num_rows
"Amazon reserves the right to refuse service, terminate accounts, terminate your rights to use Amazon Services, remove or edit content, or cancel orders in its sole discretion.","Amazon reserves the right to refuse service, terminate accounts, terminate your rights to use Amazon Services, remove or edit content, or cancel orders in its sole discretion.",content_removal,16,"[-1, 0]","[""claudette"", ""tos_dr""]","[{""mapped_score"": -1, ""mapping_rule"": ""claudette:cr"", ""native_label"": ""cr"", ""native_tag"": ""cr3"", ""source_dataset"": ""claudette"", ""source_id"": ""Amazon:46:cr3""}, {""mapped_score"": 0, ""mapping_rule"": ""tos_dr:Suspension and Censorship"", ""native_label"": ""Suspension and Censorship"", ""native_tag"": null, ""source_dataset"": ""tos_dr"", ""source_id"": ""706""}]",2
"Amazon reserves the right to refuse service, terminate accounts, terminate your rights to use Amazon Services, remove or edit content, or cancel orders in its sole discretion.","Amazon reserves the right to refuse service, terminate accounts, terminate your rights to use Amazon Services, remove or edit content, or cancel orders in its sole discretion.",account_termination,14,"[-1, 0]","[""claudette"", ""tos_dr""]","[{""mapped_score"": -1, ""mapping_rule"": ""claudette:ter"", ""native_label"": ""ter"", ""native_tag"": ""ter3"", ""source_dataset"": ""claudette"", ""source_id"": ""Amazon:46:ter3""}, {""mapped_score"": 0, ""mapping_rule"": ""tos_dr:Suspension and Censorship"", ""native_label"": ""Suspension and Censorship"", ""native_tag"": null, ""source_dataset"": ""tos_dr"", ""source_id"": ""706""}]",2
We may change or update the criteria from time to time without prior notice and at our discretion.,We may change or update the criteria from time to time without prior notice and at our discretion.,contract_changes,9,"[-1, 0]","[""100_tos"", ""claudette""]","[{""mapped_score"": 0, ""mapping_rule"": ""claudette:ch"", ""native_label"": ""ch"", ""native_tag"": ""ch2"", ""source_dataset"": ""claudette"", ""source_id"": ""Badoo:141:ch2""}, {""mapped_score"": -1, ""mapping_rule"": ""100_tos:contr_chg"", ""native_label"": ""contr_chg"", ""native_tag"": ""contr_chg -1"", ""source_dataset"": ""100_tos"", ""source_id"": ""Badoo:17""}]",2
The Terms and any dispute or claim arising out of or in connection with it or its subject matter (including non-contractual disputes or claims) shall be are governed by and construed in accordance with English law.,The Terms and any dispute or claim arising out of or in connection with it or its subject matter (including non-contractual disputes or claims) shall be are governed by and construed in accordance with English law. ,choice_of_law,0,"[-1, 0]","[""100_tos"", ""claudette""]","[{""mapped_score"": 0, ""mapping_rule"": ""claudette:law"", ""native_label"": ""law"", ""native_tag"": ""law2"", ""source_dataset"": ""claudette"", ""source_id"": ""Badoo:275:law2""}, {""mapped_score"": -1, ""mapping_rule"": ""100_tos:c_law"", ""native_label"": ""c_law"", ""native_tag"": ""c_law -1"", ""source_dataset"": ""100_tos"", ""source_id"": ""Badoo:25""}]",2
"We reserve the right to modify, amend or change the Terms at any time (a “Change”).","We reserve the right to modify, amend or change the Terms at any time (a “Change”). ",contract_changes,9,"[-1, 0]","[""100_tos"", ""claudette""]","[{""mapped_score"": 0, ""mapping_rule"": ""claudette:ch"", ""native_label"": ""ch"", ""native_tag"": ""ch2"", ""source_dataset"": ""claudette"", ""source_id"": ""Badoo:277:ch2""}, {""mapped_score"": -1, ""mapping_rule"": ""100_tos:contr_chg"", ""native_label"": ""contr_chg"", ""native_tag"": ""contr_chg -1"", ""source_dataset"": ""100_tos"", ""source_id"": ""Badoo:26""}]",2
We reserve the right to delete or disable content alleged to be infringing and terminate accounts of repeat infringers.,We reserve the right to delete or disable content alleged to be infringing and terminate accounts of repeat infringers.,content_removal,16,"[0, 1]","[""claudette"", ""tos_dr""]","[{""mapped_score"": 0, ""mapping_rule"": ""claudette:cr"", ""native_label"": ""cr"", ""native_tag"": ""cr2"", ""source_dataset"": ""claudette"", ""source_id"": ""Dropbox:48:cr2""}, {""mapped_score"": 1, ""mapping_rule"": ""tos_dr:Suspension and Censorship"", ""native_label"": ""Suspension and Censorship"", ""native_tag"": null, ""source_dataset"": ""tos_dr"", ""source_id"": ""14509""}]",2
We reserve the right to delete or disable content alleged to be infringing and terminate accounts of repeat infringers.,We reserve the right to delete or disable content alleged to be infringing and terminate accounts of repeat infringers.,account_termination,14,"[0, 1]","[""claudette"", ""tos_dr""]","[{""mapped_score"": 0, ""mapping_rule"": ""claudette:ter"", ""native_label"": ""ter"", ""native_tag"": ""ter2"", ""source_dataset"": ""claudette"", ""source_id"": ""Dropbox:48:ter2""}, {""mapped_score"": 1, ""mapping_rule"": ""tos_dr:Suspension and Censorship"", ""native_label"": ""Suspension and Censorship"", ""native_tag"": null, ""source_dataset"": ""tos_dr"", ""source_id"": ""14509""}]",2
"You and Dropbox agree to resolve any claims relating to these Terms or the Services through final and binding arbitration by a single arbitrator, except as set forth under Exceptions to Agreement to Arbitrate below.","You and Dropbox agree to resolve any claims relating to these Terms or the Services through final and binding arbitration by a single arbitrator, except as set forth under Exceptions to Agreement to Arbitrate below.",mandatory_arbitration,2,"[-1, 0]","[""claudette"", ""tos_dr""]","[{""mapped_score"": 0, ""mapping_rule"": ""claudette:a"", ""native_label"": ""a"", ""native_tag"": ""a2"", ""source_dataset"": ""claudette"", ""source_id"": ""Dropbox:117:a2""}, {""mapped_score"": -1, ""mapping_rule"": ""tos_dr:Dispute Resolution"", ""native_label"": ""Dispute Resolution"", ""native_tag"": null, ""source_dataset"": ""tos_dr"", ""source_id"": ""13563""}]",2
"You and Dropbox agree to resolve any claims relating to these Terms or the Services through final and binding arbitration by a single arbitrator, except as set forth under Exceptions to Agreement to Arbitrate below.","You and Dropbox agree to resolve any claims relating to these Terms or the Services through final and binding arbitration by a single arbitrator, except as set forth under Exceptions to Agreement to Arbitrate below.",class_action_waiver,3,"[-1, 0]","[""claudette"", ""tos_dr""]","[{""mapped_score"": 0, ""mapping_rule"": ""claudette:a"", ""native_label"": ""a"", ""native_tag"": ""a2"", ""source_dataset"": ""claudette"", ""source_id"": ""Dropbox:117:a2""}, {""mapped_score"": -1, ""mapping_rule"": ""tos_dr:Dispute Resolution"", ""native_label"": ""Dispute Resolution"", ""native_tag"": null, ""source_dataset"": ""tos_dr"", ""source_id"": ""13563""}]",2
These Terms will be governed by California law except for its conflicts of laws principles.,These Terms will be governed by California law except for its conflicts of laws principles.,choice_of_law,0,"[-1, 0]","[""100_tos"", ""claudette""]","[{""mapped_score"": 0, ""mapping_rule"": ""claudette:law"", ""native_label"": ""law"", ""native_tag"": ""law2"", ""source_dataset"": ""claudette"", ""source_id"": ""Dropbox:139:law2""}, {""mapped_score"": -1, ""mapping_rule"": ""100_tos:c_law"", ""native_label"": ""c_law"", ""native_tag"": ""c_law -1"", ""source_dataset"": ""100_tos"", ""source_id"": ""Dropbox:36""}]",2
"Duolingo may, in its sole discretion and at any time, update, change, suspend, make improvements to or discontinue any aspect of the Service, temporarily or permanently.","Duolingo may, in its sole discretion and at any time, update, change, suspend, make improvements to or discontinue any aspect of the Service, temporarily or permanently.",account_termination,14,"[-1, 0]","[""claudette"", ""tos_dr""]","[{""mapped_score"": -1, ""mapping_rule"": ""claudette:ter"", ""native_label"": ""ter"", ""native_tag"": ""ter3"", ""source_dataset"": ""claudette"", ""source_id"": ""Duolingo:14:ter3""}, {""mapped_score"": 0, ""mapping_rule"": ""tos_dr:Suspension and Censorship"", ""native_label"": ""Suspension and Censorship"", ""native_tag"": null, ""source_dataset"": ""tos_dr"", ""source_id"": ""31016""}]",2
"EA may modify this Agreement from time to time, so please review it frequently.","EA may modify this Agreement from time to time, so please review it frequently. ",contract_changes,9,"[-1, 0]","[""100_tos"", ""claudette""]","[{""mapped_score"": 0, ""mapping_rule"": ""claudette:ch"", ""native_label"": ""ch"", ""native_tag"": ""ch2"", ""source_dataset"": ""claudette"", ""source_id"": ""ElectronicArts:235:ch2""}, {""mapped_score"": -1, ""mapping_rule"": ""100_tos:contr_chg"", ""native_label"": ""contr_chg"", ""native_tag"": ""contr_chg -1"", ""source_dataset"": ""100_tos"", ""source_id"": ""EA:31""}]",2
Any election to arbitrate by one party shall be final and binding on the other.,Any election to arbitrate by one party shall be final and binding on the other.,mandatory_arbitration,2,"[-1, 0]","[""claudette""]","[{""mapped_score"": -1, ""mapping_rule"": ""claudette:a"", ""native_label"": ""a"", ""native_tag"": ""a3"", ""source_dataset"": ""claudette"", ""source_id"": ""ElectronicArts:263:a3""}, {""mapped_score"": 0, ""mapping_rule"": ""claudette:a"", ""native_label"": ""a"", ""native_tag"": ""a2"", ""source_dataset"": ""claudette"", ""source_id"": ""Flow:160:a2""}]",2
Any election to arbitrate by one party shall be final and binding on the other.,Any election to arbitrate by one party shall be final and binding on the other.,class_action_waiver,3,"[-1, 0]","[""claudette""]","[{""mapped_score"": -1, ""mapping_rule"": ""claudette:a"", ""native_label"": ""a"", ""native_tag"": ""a3"", ""source_dataset"": ""claudette"", ""source_id"": ""ElectronicArts:263:a3""}, {""mapped_score"": 0, ""mapping_rule"": ""claudette:a"", ""native_label"": ""a"", ""native_tag"": ""a2"", ""source_dataset"": ""claudette"", ""source_id"": ""Flow:160:a2""}]",2
"Epic reserves the right to change, modify, or otherwise impose usage limits to your Epic Account Balance at any time, in its sole discretion.","Epic reserves the right to change, modify, or otherwise impose usage limits to your Epic Account Balance at any time, in its sole discretion.",contract_changes,9,"[-1, 0]","[""100_tos"", ""claudette""]","[{""mapped_score"": 0, ""mapping_rule"": ""claudette:ch"", ""native_label"": ""ch"", ""native_tag"": ""ch2"", ""source_dataset"": ""claudette"", ""source_id"": ""EpicGames:49:ch2""}, {""mapped_score"": -1, ""mapping_rule"": ""100_tos:contr_chg"", ""native_label"": ""contr_chg"", ""native_tag"": ""contr_chg -1"", ""source_dataset"": ""100_tos"", ""source_id"": ""Epic Games:8""}]",2
"If you reside outside of the United States, Canada, and Brazil, these Terms and the relationship between you and Evernote (including any dispute) shall be governed in all respects by the laws of Switzerland and shall be considered to have been made and accepted in Switzerland, without regard to conflict of law provisions.","If you reside outside of the United States, Canada, and Brazil, these Terms and the relationship between you and Evernote (including any dispute) shall be governed in all respects by the laws of Switzerland and shall be considered to have been made and accepted in Switzerland, without regard to conflict of law provisions.",choice_of_law,0,"[-1, 0]","[""100_tos"", ""claudette""]","[{""mapped_score"": 0, ""mapping_rule"": ""claudette:law"", ""native_label"": ""law"", ""native_tag"": ""law2"", ""source_dataset"": ""claudette"", ""source_id"": ""Evernote:206:law2""}, {""mapped_score"": -1, ""mapping_rule"": ""100_tos:c_law"", ""native_label"": ""c_law"", ""native_tag"": ""c_law -1"", ""source_dataset"": ""100_tos"", ""source_id"": ""Evernote:21""}]",2
We may close your account at our convenience by providing you with two months’ prior notice.,We may close your account at our convenience by providing you with two months’ prior notice.,account_termination,14,"[-1, 1]","[""claudette"", ""tos_dr""]","[{""mapped_score"": -1, ""mapping_rule"": ""claudette:ter"", ""native_label"": ""ter"", ""native_tag"": ""ter3"", ""source_dataset"": ""claudette"", ""source_id"": ""Paypal_Italy:61:ter3""}, {""mapped_score"": 1, ""mapping_rule"": ""tos_dr:Suspension and Censorship"", ""native_label"": ""Suspension and Censorship"", ""native_tag"": null, ""source_dataset"": ""tos_dr"", ""source_id"": ""24981""}]",2
"If you're a consumer in the EEA, we don’t exclude or limit any liability for gross negligence, intent, or death or personal injury caused by our negligence or willful misconduct.","If you're a consumer in the EEA, we don’t exclude or limit any liability for gross negligence, intent, or death or personal injury caused by our negligence or willful misconduct.",limitation_of_liability,4,"[-1, 1]","[""100_tos"", ""claudette""]","[{""mapped_score"": 1, ""mapping_rule"": ""claudette:ltd"", ""native_label"": ""ltd"", ""native_tag"": ""ltd1"", ""source_dataset"": ""claudette"", ""source_id"": ""Pinterest:109:ltd1""}, {""mapped_score"": -1, ""mapping_rule"": ""100_tos:ltd"", ""native_label"": ""ltd"", ""native_tag"": ""ltd -1, consumers from the rest of the world have limitation of liability"", ""source_dataset"": ""100_tos"", ""source_id"": ""Pinterest:14""}]",2
"WITHOUT LIMITING THE FOREGOING, YOU AGREE THAT, TO THE MAXIMUM EXTENT PERMITTED BY LAW, QUORA ENTITIES SPECIFICALLY WILL NOT BE LIABLE FOR ANY INDIRECT, INCIDENTAL, CONSEQUENTIAL, SPECIAL, OR EXEMPLARY DAMAGES, LOSS OF PROFITS, BUSINESS INTERRUPTION, REPUTATIONAL HARM, OR LOSS OF DATA (EVEN IF WE HAVE BEEN ADVISED OF THE POSSIBILITY OF SUCH DAMAGES OR SUCH DAMAGES ARE FORESEEABLE) ARISING OUT OF OR IN ANY WAY CONNECTED WITH YOUR USE OF, OR INABILITY TO USE, THE QUORA PLATFORM.","WITHOUT LIMITING THE FOREGOING, YOU AGREE THAT, TO THE MAXIMUM EXTENT PERMITTED BY LAW, QUORA ENTITIES SPECIFICALLY WILL NOT BE LIABLE FOR ANY INDIRECT, INCIDENTAL, CONSEQUENTIAL, SPECIAL, OR EXEMPLARY DAMAGES, LOSS OF PROFITS, BUSINESS INTERRUPTION, REPUTATIONAL HARM, OR LOSS OF DATA (EVEN IF WE HAVE BEEN ADVISED OF THE POSSIBILITY OF SUCH DAMAGES OR SUCH DAMAGES ARE FORESEEABLE) ARISING OUT OF OR IN ANY WAY CONNECTED WITH YOUR USE OF, OR INABILITY TO USE, THE QUORA PLATFORM.",limitation_of_liability,4,"[-1, 0]","[""100_tos"", ""claudette""]","[{""mapped_score"": 0, ""mapping_rule"": ""claudette:ltd"", ""native_label"": ""ltd"", ""native_tag"": ""ltd2"", ""source_dataset"": ""claudette"", ""source_id"": ""Quora:152:ltd2""}, {""mapped_score"": -1, ""mapping_rule"": ""100_tos:ltd"", ""native_label"": ""ltd"", ""native_tag"": ""ltd -1"", ""source_dataset"": ""100_tos"", ""source_id"": ""Quora:18""}]",2
"You agree that we will not be liable to you or to any third party for any modification, suspension, or discontinuation of the Services or any part thereof.","You agree that we will not be liable to you or to any third party for any modification, suspension, or discontinuation of the Services or any part thereof.",limitation_of_liability,4,"[-1, 0]","[""100_tos"", ""claudette""]","[{""mapped_score"": 0, ""mapping_rule"": ""claudette:ltd"", ""native_label"": ""ltd"", ""native_tag"": ""ltd2"", ""source_dataset"": ""claudette"", ""source_id"": ""Reddit:28:ltd2""}, {""mapped_score"": -1, ""mapping_rule"": ""100_tos:ltd"", ""native_label"": ""ltd"", ""native_tag"": ""ltd -1"", ""source_dataset"": ""100_tos"", ""source_id"": ""Reddit:5""}]",2
"We have a policy that includes the removal of any infringing materials from the Services and for the termination, in appropriate circumstances, of users of our Services who are repeat infringers.","We have a policy that includes the removal of any infringing materials from the Services and for the termination, in appropriate circumstances, of users of our Services who are repeat infringers.",content_removal,16,"[0, 1]","[""claudette"", ""tos_dr""]","[{""mapped_score"": 0, ""mapping_rule"": ""claudette:cr"", ""native_label"": ""cr"", ""native_tag"": ""cr2"", ""source_dataset"": ""claudette"", ""source_id"": ""Reddit:88:cr2""}, {""mapped_score"": 1, ""mapping_rule"": ""tos_dr:Suspension and Censorship"", ""native_label"": ""Suspension and Censorship"", ""native_tag"": null, ""source_dataset"": ""tos_dr"", ""source_id"": ""33987""}]",2
"We have a policy that includes the removal of any infringing materials from the Services and for the termination, in appropriate circumstances, of users of our Services who are repeat infringers.","We have a policy that includes the removal of any infringing materials from the Services and for the termination, in appropriate circumstances, of users of our Services who are repeat infringers.",account_termination,14,"[0, 1]","[""claudette"", ""tos_dr""]","[{""mapped_score"": 0, ""mapping_rule"": ""claudette:ter"", ""native_label"": ""ter"", ""native_tag"": ""ter2"", ""source_dataset"": ""claudette"", ""source_id"": ""Reddit:88:ter2""}, {""mapped_score"": 1, ""mapping_rule"": ""tos_dr:Suspension and Censorship"", ""native_label"": ""Suspension and Censorship"", ""native_tag"": null, ""source_dataset"": ""tos_dr"", ""source_id"": ""33987""}]",2
We may make changes to these Terms from time to time.,We may make changes to these Terms from time to time. ,contract_changes,9,"[-1, 0]","[""100_tos"", ""claudette""]","[{""mapped_score"": 0, ""mapping_rule"": ""claudette:ch"", ""native_label"": ""ch"", ""native_tag"": ""ch2"", ""source_dataset"": ""claudette"", ""source_id"": ""Reddit:136:ch2""}, {""mapped_score"": -1, ""mapping_rule"": ""100_tos:contr_chg"", ""native_label"": ""contr_chg"", ""native_tag"": ""contr_chg -1"", ""source_dataset"": ""100_tos"", ""source_id"": ""Reddit:24""}]",2
We may amend these Terms at any time at our discretion.,We may amend these Terms at any time at our discretion.,contract_changes,9,"[-1, 0]","[""100_tos"", ""claudette""]","[{""mapped_score"": 0, ""mapping_rule"": ""claudette:ch"", ""native_label"": ""ch"", ""native_tag"": ""ch2"", ""source_dataset"": ""claudette"", ""source_id"": ""Skyscanner:15:ch2""}, {""mapped_score"": -1, ""mapping_rule"": ""100_tos:contr_chg"", ""native_label"": ""contr_chg"", ""native_tag"": ""contr_chg -1"", ""source_dataset"": ""100_tos"", ""source_id"": ""Skyscanner:3""}]",2
"We may also terminate Customer’s free subscriptions without cause, but we will provide Customer with thirty (30) days prior written notice.","We may also terminate Customer’s free subscriptions without cause, but we will provide Customer with thirty (30) days prior written notice.",account_termination,14,"[-1, 1]","[""claudette"", ""tos_dr""]","[{""mapped_score"": -1, ""mapping_rule"": ""claudette:ter"", ""native_label"": ""ter"", ""native_tag"": ""ter3"", ""source_dataset"": ""claudette"", ""source_id"": ""Slack_customer:142:ter3""}, {""mapped_score"": 1, ""mapping_rule"": ""tos_dr:Suspension and Censorship"", ""native_label"": ""Suspension and Censorship"", ""native_tag"": null, ""source_dataset"": ""tos_dr"", ""source_id"": ""8964""}]",2
"The courts located in the applicable venue above will have exclusive jurisdiction to adjudicate any dispute arising out of or relating to the Contract or its formation, interpretation or enforcement.","The courts located in the applicable venue above will have exclusive jurisdiction to adjudicate any dispute arising out of or relating to the Contract or its formation, interpretation or enforcement.",choice_of_forum,1,"[-1, 0]","[""claudette"", ""tos_dr""]","[{""mapped_score"": -1, ""mapping_rule"": ""claudette:j"", ""native_label"": ""j"", ""native_tag"": ""j3"", ""source_dataset"": ""claudette"", ""source_id"": ""Slack_customer:242:j3""}, {""mapped_score"": 0, ""mapping_rule"": ""tos_dr:Jurisdiction and governing laws"", ""native_label"": ""Jurisdiction and governing laws"", ""native_tag"": null, ""source_dataset"": ""tos_dr"", ""source_id"": ""8974""}]",2
"Valve may cancel your Account or any particular Subscription(s) at any time in the event that (a) Valve ceases providing such Subscriptions to similarly situated Subscribers generally, or (b) you breach any terms of this Agreement (including any Subscription Terms or Rules of Use).","Valve may cancel your Account or any particular Subscription(s) at any time in the event that (a) Valve ceases providing such Subscriptions to similarly situated Subscribers generally, or (b) you breach any terms of this Agreement (including any Subscription Terms or Rules of Use). ",account_termination,14,"[0, 1]","[""100_tos"", ""claudette"", ""tos_dr""]","[{""mapped_score"": 0, ""mapping_rule"": ""claudette:ter"", ""native_label"": ""ter"", ""native_tag"": ""ter2"", ""source_dataset"": ""claudette"", ""source_id"": ""Steam:251:ter2""}, {""mapped_score"": 1, ""mapping_rule"": ""tos_dr:Suspension and Censorship"", ""native_label"": ""Suspension and Censorship"", ""native_tag"": null, ""source_dataset"": ""tos_dr"", ""source_id"": ""13355""}, {""mapped_score"": 0, ""mapping_rule"": ""100_tos:acc_del"", ""native_label"": ""acc_del"", ""native_tag"": ""acc_del 0"", ""source_dataset"": ""100_tos"", ""source_id"": ""Steam:26""}]",3
"If you initiate a chargeback or otherwise reverse a payment made with your Payment Method, Tinder may terminate your account immediately in its sole discretion.","If you initiate a chargeback or otherwise reverse a payment made with your Payment Method, Tinder may terminate your account immediately in its sole discretion.",account_termination,14,"[-1, 0]","[""100_tos"", ""claudette""]","[{""mapped_score"": 0, ""mapping_rule"": ""claudette:ter"", ""native_label"": ""ter"", ""native_tag"": ""ter2"", ""source_dataset"": ""claudette"", ""source_id"": ""Tinder:126:ter2""}, {""mapped_score"": -1, ""mapping_rule"": ""100_tos:acc_del"", ""native_label"": ""acc_del"", ""native_tag"": ""acc_del -1"", ""source_dataset"": ""100_tos"", ""source_id"": ""Tinder:17""}]",2
We reserve the right to withdraw linking permission without notice.,We reserve the right to withdraw linking permission without notice.,contract_changes,9,"[-1, 0]","[""100_tos"", ""claudette""]","[{""mapped_score"": 0, ""mapping_rule"": ""claudette:ch"", ""native_label"": ""ch"", ""native_tag"": ""ch2"", ""source_dataset"": ""claudette"", ""source_id"": ""Transferwise:401:ch2""}, {""mapped_score"": -1, ""mapping_rule"": ""100_tos:contr_chg"", ""native_label"": ""contr_chg"", ""native_tag"": ""contr_chg -1"", ""source_dataset"": ""100_tos"", ""source_id"": ""Epic Games:17""}]",2
"In particular, Tumblr may immediately terminate or suspend Accounts that have been flagged for repeat copyright infringement.","In particular, Tumblr may immediately terminate or suspend Accounts that have been flagged for repeat copyright infringement.",account_termination,14,"[0, 1]","[""claudette"", ""tos_dr""]","[{""mapped_score"": 0, ""mapping_rule"": ""claudette:ter"", ""native_label"": ""ter"", ""native_tag"": ""ter2"", ""source_dataset"": ""claudette"", ""source_id"": ""Tumblr:186:ter2""}, {""mapped_score"": 1, ""mapping_rule"": ""tos_dr:Suspension and Censorship"", ""native_label"": ""Suspension and Censorship"", ""native_tag"": null, ""source_dataset"": ""tos_dr"", ""source_id"": ""20054""}]",2
"This Agreement shall be governed in all respects by the laws of the State of New York as they apply to agreements entered into and to be performed entirely within New York between New York residents, without regard to conflict of law provisions.","This Agreement shall be governed in all respects by the laws of the State of New York as they apply to agreements entered into and to be performed entirely within New York between New York residents, without regard to conflict of law provisions.",choice_of_law,0,"[-1, 0]","[""claudette"", ""tos_dr""]","[{""mapped_score"": 0, ""mapping_rule"": ""claudette:law"", ""native_label"": ""law"", ""native_tag"": ""law2"", ""source_dataset"": ""claudette"", ""source_id"": ""Tumblr:195:law2""}, {""mapped_score"": -1, ""mapping_rule"": ""tos_dr:Jurisdiction and governing laws"", ""native_label"": ""Jurisdiction and governing laws"", ""native_tag"": null, ""source_dataset"": ""tos_dr"", ""source_id"": ""20040""}]",2
We may stop (permanently or temporarily) providing the Services or any features within the Services to you or to users generally.,We may stop (permanently or temporarily) providing the Services or any features within the Services to you or to users generally.,account_termination,14,"[-1, 0]","[""claudette"", ""tos_dr""]","[{""mapped_score"": -1, ""mapping_rule"": ""claudette:ter"", ""native_label"": ""ter"", ""native_tag"": ""ter3"", ""source_dataset"": ""claudette"", ""source_id"": ""Twitter:61:ter3""}, {""mapped_score"": 0, ""mapping_rule"": ""tos_dr:Suspension and Censorship"", ""native_label"": ""Suspension and Censorship"", ""native_tag"": null, ""source_dataset"": ""tos_dr"", ""source_id"": ""8546""}]",2
"We may discontinue some or all of our Services, including certain features and the support for certain devices and platforms, at any time.","We may discontinue some or all of our Services, including certain features and the support for certain devices and platforms, at any time.",account_termination,14,"[-1, 0]","[""claudette"", ""tos_dr""]","[{""mapped_score"": -1, ""mapping_rule"": ""claudette:ter"", ""native_label"": ""ter"", ""native_tag"": ""ter3"", ""source_dataset"": ""claudette"", ""source_id"": ""WhatsApp:94:ter3""}, {""mapped_score"": 0, ""mapping_rule"": ""tos_dr:Suspension and Censorship"", ""native_label"": ""Suspension and Censorship"", ""native_tag"": null, ""source_dataset"": ""tos_dr"", ""source_id"": ""18388""}, {""mapped_score"": 0, ""mapping_rule"": ""tos_dr:Suspension and Censorship"", ""native_label"": ""Suspension and Censorship"", ""native_tag"": null, ""source_dataset"": ""tos_dr"", ""source_id"": ""13045""}]",3
"We may suspend or discontinue any part of the Services, or we may introduce new features or impose limits on certain features or restrict access to parts or all of the Services.","We may suspend or discontinue any part of the Services, or we may introduce new features or impose limits on certain features or restrict access to parts or all of the Services.",account_termination,14,"[-1, 0]","[""claudette"", ""tos_dr""]","[{""mapped_score"": -1, ""mapping_rule"": ""claudette:ter"", ""native_label"": ""ter"", ""native_tag"": ""ter3"", ""source_dataset"": ""claudette"", ""source_id"": ""Woebot:147:ter3""}, {""mapped_score"": 0, ""mapping_rule"": ""tos_dr:Suspension and Censorship"", ""native_label"": ""Suspension and Censorship"", ""native_tag"": null, ""source_dataset"": ""tos_dr"", ""source_id"": ""19740""}]",2
"For all purposes of this Agreement, the parties consent to exclusive jurisdiction and venue in the state or federal courts located in, respectively, San Francisco County, California, or the Northern District of California.","For all purposes of this Agreement, the parties consent to exclusive jurisdiction and venue in the state or federal courts located in, respectively, San Francisco County, California, or the Northern District of California.",choice_of_forum,1,"[-1, 1]","[""claudette"", ""tos_dr""]","[{""mapped_score"": -1, ""mapping_rule"": ""claudette:j"", ""native_label"": ""j"", ""native_tag"": ""j3"", ""source_dataset"": ""claudette"", ""source_id"": ""Woebot:207:j3""}, {""mapped_score"": 1, ""mapping_rule"": ""tos_dr:Jurisdiction and governing laws"", ""native_label"": ""Jurisdiction and governing laws"", ""native_tag"": null, ""source_dataset"": ""tos_dr"", ""source_id"": ""16323""}]",2
"You grant us a worldwide, royalty-free licence to use, store, back-up, copy, transmit, distribute, communicate, modify and otherwise make available, your data, solely for the purposes of enabling you and those you give access to, to use our services and for any other purpose related to provision of the services to you and them.","You grant us a worldwide, royalty-free licence to use, store, back-up, copy, transmit, distribute, communicate, modify and otherwise make available, your data, solely for the purposes of enabling you and those you give access to, to use our services and for any other purpose related to provision of the services to you and them.",feedback_reuse,22,"[0, 1]","[""tos_dr""]","[{""mapped_score"": 1, ""mapping_rule"": ""tos_dr:Copyright License"", ""native_label"": ""Copyright License"", ""native_tag"": null, ""source_dataset"": ""tos_dr"", ""source_id"": ""17516""}, {""mapped_score"": 0, ""mapping_rule"": ""tos_dr:Ownership"", ""native_label"": ""Ownership"", ""native_tag"": null, ""source_dataset"": ""tos_dr"", ""source_id"": ""25476""}]",2
We reserve the right to refuse service to anyone for any reason at any time.</p>,We reserve the right to refuse service to anyone for any reason at any time.</p>,account_termination,14,"[-1, 0]","[""tos_dr""]","[{""mapped_score"": 0, ""mapping_rule"": ""tos_dr:Suspension and Censorship"", ""native_label"": ""Suspension and Censorship"", ""native_tag"": null, ""source_dataset"": ""tos_dr"", ""source_id"": ""26486""}, {""mapped_score"": -1, ""mapping_rule"": ""tos_dr:Suspension and Censorship"", ""native_label"": ""Suspension and Censorship"", ""native_tag"": null, ""source_dataset"": ""tos_dr"", ""source_id"": ""12906""}]",2
We reserve the right to refuse service to anyone for any reason at any time.</p>,We reserve the right to refuse service to anyone for any reason at any time.</p>,account_suspension,15,"[-1, 0]","[""tos_dr""]","[{""mapped_score"": 0, ""mapping_rule"": ""tos_dr:Suspension and Censorship"", ""native_label"": ""Suspension and Censorship"", ""native_tag"": null, ""source_dataset"": ""tos_dr"", ""source_id"": ""26486""}, {""mapped_score"": -1, ""mapping_rule"": ""tos_dr:Suspension and Censorship"", ""native_label"": ""Suspension and Censorship"", ""native_tag"": null, ""source_dataset"": ""tos_dr"", ""source_id"": ""12906""}]",2
We reserve the right to refuse service to anyone for any reason at any time.</p>,We reserve the right to refuse service to anyone for any reason at any time.</p>,content_removal,16,"[-1, 0]","[""tos_dr""]","[{""mapped_score"": 0, ""mapping_rule"": ""tos_dr:Suspension and Censorship"", ""native_label"": ""Suspension and Censorship"", ""native_tag"": null, ""source_dataset"": ""tos_dr"", ""source_id"": ""26486""}, {""mapped_score"": -1, ""mapping_rule"": ""tos_dr:Suspension and Censorship"", ""native_label"": ""Suspension and Censorship"", ""native_tag"": null, ""source_dataset"": ""tos_dr"", ""source_id"": ""12906""}]",2
We reserve the right to refuse service to anyone for any reason at any time.</p>,We reserve the right to refuse service to anyone for any reason at any time.</p>,complaint_system,34,"[-1, 0]","[""tos_dr""]","[{""mapped_score"": 0, ""mapping_rule"": ""tos_dr:Suspension and Censorship"", ""native_label"": ""Suspension and Censorship"", ""native_tag"": null, ""source_dataset"": ""tos_dr"", ""source_id"": ""26486""}, {""mapped_score"": -1, ""mapping_rule"": ""tos_dr:Suspension and Censorship"", ""native_label"": ""Suspension and Censorship"", ""native_tag"": null, ""source_dataset"": ""tos_dr"", ""source_id"": ""12906""}]",2
"THE SERVICE IS PROVIDED ON AN ""AS IS"" AND ""AS AVAILABLE"" BASIS.","THE SERVICE IS PROVIDED ON AN ""AS IS"" AND ""AS AVAILABLE"" BASIS.",warranty_disclaimer,6,"[-1, 0]","[""100_tos"", ""tos_dr""]","[{""mapped_score"": 0, ""mapping_rule"": ""tos_dr:Guarantee"", ""native_label"": ""Guarantee"", ""native_tag"": null, ""source_dataset"": ""tos_dr"", ""source_id"": ""20373""}, {""mapped_score"": -1, ""mapping_rule"": ""100_tos:as_is"", ""native_label"": ""as_is"", ""native_tag"": ""as_is -1"", ""source_dataset"": ""100_tos"", ""source_id"": ""FollowMyHealth:13""}]",2
"We may also release your information when we believe release is appropriate to comply with the law, enforce our site policies, or protect ours or others rights, property, or safety.","We may also release your information when we believe release is appropriate to comply with the law, enforce our site policies, or protect ours or others rights, property, or safety.",government_requests,31,"[-1, 1]","[""tos_dr""]","[{""mapped_score"": 1, ""mapping_rule"": ""tos_dr:Law and Government Requests"", ""native_label"": ""Law and Government Requests"", ""native_tag"": null, ""source_dataset"": ""tos_dr"", ""source_id"": ""19723""}, {""mapped_score"": -1, ""mapping_rule"": ""tos_dr:Law and Government Requests"", ""native_label"": ""Law and Government Requests"", ""native_tag"": null, ""source_dataset"": ""tos_dr"", ""source_id"": ""31178""}]",2
this Agreement and the relationship between you and Apple shall be governed by the laws of the State of California,this Agreement and the relationship between you and Apple shall be governed by the laws of the State of California,choice_of_law,0,"[-1, 0]","[""100_tos"", ""tos_dr""]","[{""mapped_score"": 0, ""mapping_rule"": ""tos_dr:Jurisdiction and governing laws"", ""native_label"": ""Jurisdiction and governing laws"", ""native_tag"": null, ""source_dataset"": ""tos_dr"", ""source_id"": ""8022""}, {""mapped_score"": -1, ""mapping_rule"": ""100_tos:c_law"", ""native_label"": ""c_law"", ""native_tag"": ""c_law -1"", ""source_dataset"": ""100_tos"", ""source_id"": ""Apple:12""}]",2
"This does not include website hosting partners and other parties who assist us in operating our website, conducting our business, or serving our users, so long as those parties agree to keep this information confidential.","This does not include website hosting partners and other parties who assist us in operating our website, conducting our business, or serving our users, so long as those parties agree to keep this information confidential.",third_parties,29,"[-1, 1]","[""tos_dr""]","[{""mapped_score"": 1, ""mapping_rule"": ""tos_dr:Third Parties"", ""native_label"": ""Third Parties"", ""native_tag"": null, ""source_dataset"": ""tos_dr"", ""source_id"": ""16961""}, {""mapped_score"": -1, ""mapping_rule"": ""tos_dr:Third Parties"", ""native_label"": ""Third Parties"", ""native_tag"": null, ""source_dataset"": ""tos_dr"", ""source_id"": ""14244""}]",2
Your continued use of this site after any change in this Privacy Policy will constitute your acceptance of such change.</p>,Your continued use of this site after any change in this Privacy Policy will constitute your acceptance of such change.</p>,notice_of_changes,12,"[-1, 0]","[""tos_dr""]","[{""mapped_score"": -1, ""mapping_rule"": ""tos_dr:Notice of Changing Terms"", ""native_label"": ""Notice of Changing Terms"", ""native_tag"": null, ""source_dataset"": ""tos_dr"", ""source_id"": ""27688""}, {""mapped_score"": 0, ""mapping_rule"": ""tos_dr:Notice of Changing Terms"", ""native_label"": ""Notice of Changing Terms"", ""native_tag"": null, ""source_dataset"": ""tos_dr"", ""source_id"": ""32347""}]",2
If you wish to opt out of interest-based advertising click here [or if located in the European Union click here].,If you wish to opt out of interest-based advertising click here [or if located in the European Union click here].,advertising,30,"[-1, 1]","[""tos_dr""]","[{""mapped_score"": 1, ""mapping_rule"": ""tos_dr:Advertising"", ""native_label"": ""Advertising"", ""native_tag"": null, ""source_dataset"": ""tos_dr"", ""source_id"": ""11664""}, {""mapped_score"": -1, ""mapping_rule"": ""tos_dr:Advertising"", ""native_label"": ""Advertising"", ""native_tag"": null, ""source_dataset"": ""tos_dr"", ""source_id"": ""21026""}]",2
"You can control individual cookie preferences, indicate your cookie preferences to others, and opt-out of web analytics and optimization tools.","You can control individual cookie preferences, indicate your cookie preferences to others, and opt-out of web analytics and optimization tools.",trackers,26,"[-1, 1]","[""tos_dr""]","[{""mapped_score"": -1, ""mapping_rule"": ""tos_dr:Trackers"", ""native_label"": ""Trackers"", ""native_tag"": null, ""source_dataset"": ""tos_dr"", ""source_id"": ""6315""}, {""mapped_score"": 1, ""mapping_rule"": ""tos_dr:Trackers"", ""native_label"": ""Trackers"", ""native_tag"": null, ""source_dataset"": ""tos_dr"", ""source_id"": ""22916""}]",2
"You are granting Rumble an exclusive, worldwide, commercial, sub-licensable and transferable license to use, reproduce, distribute, edit, syndicate, prepare derivative works of, display, and perform the Content in connection with the Service and Rumble's (and its successors', partners and affiliates') business, including without limitation for promoting and redistributing part or all of the Service (and derivative works thereof) in any media formats and through any media channels. <p>","You are granting Rumble an exclusive, worldwide, commercial, sub-licensable and transferable license to use, reproduce, distribute, edit, syndicate, prepare derivative works of, display, and perform the Content in connection with the Service and Rumble's (and its successors', partners and affiliates') business, including without limitation for promoting and redistributing part or all of the Service (and derivative works thereof) in any media formats and through any media channels.
<p>",copyright_license,19,"[0, 1]","[""tos_dr""]","[{""mapped_score"": 0, ""mapping_rule"": ""tos_dr:Copyright License"", ""native_label"": ""Copyright License"", ""native_tag"": null, ""source_dataset"": ""tos_dr"", ""source_id"": ""15245""}, {""mapped_score"": 1, ""mapping_rule"": ""tos_dr:Copyright License"", ""native_label"": ""Copyright License"", ""native_tag"": null, ""source_dataset"": ""tos_dr"", ""source_id"": ""15246""}]",2
"You are granting Rumble an exclusive, worldwide, commercial, sub-licensable and transferable license to use, reproduce, distribute, edit, syndicate, prepare derivative works of, display, and perform the Content in connection with the Service and Rumble's (and its successors', partners and affiliates') business, including without limitation for promoting and redistributing part or all of the Service (and derivative works thereof) in any media formats and through any media channels. <p>","You are granting Rumble an exclusive, worldwide, commercial, sub-licensable and transferable license to use, reproduce, distribute, edit, syndicate, prepare derivative works of, display, and perform the Content in connection with the Service and Rumble's (and its successors', partners and affiliates') business, including without limitation for promoting and redistributing part or all of the Service (and derivative works thereof) in any media formats and through any media channels.
<p>",feedback_reuse,22,"[0, 1]","[""tos_dr""]","[{""mapped_score"": 0, ""mapping_rule"": ""tos_dr:Copyright License"", ""native_label"": ""Copyright License"", ""native_tag"": null, ""source_dataset"": ""tos_dr"", ""source_id"": ""15245""}, {""mapped_score"": 1, ""mapping_rule"": ""tos_dr:Copyright License"", ""native_label"": ""Copyright License"", ""native_tag"": null, ""source_dataset"": ""tos_dr"", ""source_id"": ""15246""}]",2
"THE SERVICES ARE PROVIDED ""AS IS.""","THE SERVICES ARE PROVIDED ""AS IS.""",warranty_disclaimer,6,"[-1, 0]","[""100_tos"", ""tos_dr""]","[{""mapped_score"": 0, ""mapping_rule"": ""tos_dr:Guarantee"", ""native_label"": ""Guarantee"", ""native_tag"": null, ""source_dataset"": ""tos_dr"", ""source_id"": ""11689""}, {""mapped_score"": -1, ""mapping_rule"": ""100_tos:as_is"", ""native_label"": ""as_is"", ""native_tag"": ""as_is -1"", ""source_dataset"": ""100_tos"", ""source_id"": ""Dropbox:22""}]",2
"irrevocable, perpetual","irrevocable, perpetual",feedback_reuse,22,"[-1, 0]","[""tos_dr""]","[{""mapped_score"": -1, ""mapping_rule"": ""tos_dr:Copyright License"", ""native_label"": ""Copyright License"", ""native_tag"": null, ""source_dataset"": ""tos_dr"", ""source_id"": ""23738""}, {""mapped_score"": 0, ""mapping_rule"": ""tos_dr:Ownership"", ""native_label"": ""Ownership"", ""native_tag"": null, ""source_dataset"": ""tos_dr"", ""source_id"": ""22023""}]",2
"By uploading content, you hereby grant us a nonexclusive, royalty-free, worldwide license to use your content in connection with the provision of the Services.","By uploading content, you hereby grant us a nonexclusive, royalty-free, worldwide license to use your content in connection with the provision of the Services.",copyright_license,19,"[0, 1]","[""tos_dr""]","[{""mapped_score"": 0, ""mapping_rule"": ""tos_dr:Copyright License"", ""native_label"": ""Copyright License"", ""native_tag"": null, ""source_dataset"": ""tos_dr"", ""source_id"": ""10297""}, {""mapped_score"": 1, ""mapping_rule"": ""tos_dr:Copyright License"", ""native_label"": ""Copyright License"", ""native_tag"": null, ""source_dataset"": ""tos_dr"", ""source_id"": ""22893""}]",2
"By uploading content, you hereby grant us a nonexclusive, royalty-free, worldwide license to use your content in connection with the provision of the Services.","By uploading content, you hereby grant us a nonexclusive, royalty-free, worldwide license to use your content in connection with the provision of the Services.",feedback_reuse,22,"[0, 1]","[""tos_dr""]","[{""mapped_score"": 0, ""mapping_rule"": ""tos_dr:Copyright License"", ""native_label"": ""Copyright License"", ""native_tag"": null, ""source_dataset"": ""tos_dr"", ""source_id"": ""10297""}, {""mapped_score"": 1, ""mapping_rule"": ""tos_dr:Copyright License"", ""native_label"": ""Copyright License"", ""native_tag"": null, ""source_dataset"": ""tos_dr"", ""source_id"": ""22893""}]",2
"If you post User Content to the Site, unless we indicate otherwise, you grant Getty Images and its affiliates a nonexclusive, royalty-free, perpetual, irrevocable and fully sublicensable right","If you post User Content to the Site, unless we indicate otherwise, you grant Getty Images and its affiliates a nonexclusive, royalty-free, perpetual, irrevocable and fully sublicensable right",copyright_license,19,"[-1, 1]","[""tos_dr""]","[{""mapped_score"": -1, ""mapping_rule"": ""tos_dr:Copyright License"", ""native_label"": ""Copyright License"", ""native_tag"": null, ""source_dataset"": ""tos_dr"", ""source_id"": ""23445""}, {""mapped_score"": 1, ""mapping_rule"": ""tos_dr:Copyright License"", ""native_label"": ""Copyright License"", ""native_tag"": null, ""source_dataset"": ""tos_dr"", ""source_id"": ""23444""}]",2
"If you post User Content to the Site, unless we indicate otherwise, you grant Getty Images and its affiliates a nonexclusive, royalty-free, perpetual, irrevocable and fully sublicensable right","If you post User Content to the Site, unless we indicate otherwise, you grant Getty Images and its affiliates a nonexclusive, royalty-free, perpetual, irrevocable and fully sublicensable right",feedback_reuse,22,"[-1, 1]","[""tos_dr""]","[{""mapped_score"": -1, ""mapping_rule"": ""tos_dr:Copyright License"", ""native_label"": ""Copyright License"", ""native_tag"": null, ""source_dataset"": ""tos_dr"", ""source_id"": ""23445""}, {""mapped_score"": 1, ""mapping_rule"": ""tos_dr:Copyright License"", ""native_label"": ""Copyright License"", ""native_tag"": null, ""source_dataset"": ""tos_dr"", ""source_id"": ""23444""}]",2
"however, you grant us a non-exclusive, sublicensable, irrevocable and royalty-free worldwide license","however, you grant us a non-exclusive, sublicensable, irrevocable and royalty-free worldwide license",copyright_license,19,"[-1, 1]","[""tos_dr""]","[{""mapped_score"": 1, ""mapping_rule"": ""tos_dr:Copyright License"", ""native_label"": ""Copyright License"", ""native_tag"": null, ""source_dataset"": ""tos_dr"", ""source_id"": ""15036""}, {""mapped_score"": -1, ""mapping_rule"": ""tos_dr:Copyright License"", ""native_label"": ""Copyright License"", ""native_tag"": null, ""source_dataset"": ""tos_dr"", ""source_id"": ""15037""}]",2
"however, you grant us a non-exclusive, sublicensable, irrevocable and royalty-free worldwide license","however, you grant us a non-exclusive, sublicensable, irrevocable and royalty-free worldwide license",feedback_reuse,22,"[-1, 1]","[""tos_dr""]","[{""mapped_score"": 1, ""mapping_rule"": ""tos_dr:Copyright License"", ""native_label"": ""Copyright License"", ""native_tag"": null, ""source_dataset"": ""tos_dr"", ""source_id"": ""15036""}, {""mapped_score"": -1, ""mapping_rule"": ""tos_dr:Copyright License"", ""native_label"": ""Copyright License"", ""native_tag"": null, ""source_dataset"": ""tos_dr"", ""source_id"": ""15037""}]",2
These Terms shall be governed by the laws of the State of California,These Terms shall be governed by the laws of the State of California,choice_of_law,0,"[-1, 0]","[""100_tos"", ""tos_dr""]","[{""mapped_score"": 0, ""mapping_rule"": ""tos_dr:Jurisdiction and governing laws"", ""native_label"": ""Jurisdiction and governing laws"", ""native_tag"": null, ""source_dataset"": ""tos_dr"", ""source_id"": ""32779""}, {""mapped_score"": -1, ""mapping_rule"": ""100_tos:c_law"", ""native_label"": ""c_law"", ""native_tag"": ""c_law -1"", ""source_dataset"": ""100_tos"", ""source_id"": ""Pinterest:23""}]",2
"By posting, submitting, providing and/or otherwise making available any User Content, you expressly grant, and represent that you have a right to grant, to ZipRecruiter, a royalty-free, sublicensable (through multiple layers of sublicensees), perpetual, transferable, non-exclusive, worldwide license to use, sell, reproduce, adapt, translate, sublicense, publicly perform, publicly display, and make derivative works from and otherwise exploit, all such User Content in whole or in part, and in any form, media or technology, whether now known or hereafter developed, for the purposes of posting such User Content on the ZipRecruiter websites, distributing such User Content through the ZipRecruiter distribution and publishing network and in job alerts to job seekers, and to promote ZipRecruiter and the Services. This license continues even if you stop using the Services.","By posting, submitting, providing and/or otherwise making available any User Content, you expressly grant, and represent that you have a right to grant, to ZipRecruiter, a royalty-free, sublicensable (through multiple layers of sublicensees), perpetual, transferable, non-exclusive, worldwide license to use, sell, reproduce, adapt, translate, sublicense, publicly perform, publicly display, and make derivative works from and otherwise exploit, all such User Content in whole or in part, and in any form, media or technology, whether now known or hereafter developed, for the purposes of posting such User Content on the ZipRecruiter websites, distributing such User Content through the ZipRecruiter distribution and publishing network and in job alerts to job seekers, and to promote ZipRecruiter and the Services. This license continues even if you stop using the Services.",copyright_license,19,"[-1, 0]","[""100_tos""]","[{""mapped_score"": -1, ""mapping_rule"": ""100_tos:IP"", ""native_label"": ""IP"", ""native_tag"": ""ip -1"", ""source_dataset"": ""100_tos"", ""source_id"": ""ZipRecruiter:9""}, {""mapped_score"": 0, ""mapping_rule"": ""100_tos:IP"", ""native_label"": ""IP"", ""native_tag"": ""ip 0"", ""source_dataset"": ""100_tos"", ""source_id"": ""ZipRecruiter:47""}]",2
"By posting, submitting, providing and/or otherwise making available any User Content, you expressly grant, and represent that you have a right to grant, to ZipRecruiter, a royalty-free, sublicensable (through multiple layers of sublicensees), perpetual, transferable, non-exclusive, worldwide license to use, sell, reproduce, adapt, translate, sublicense, publicly perform, publicly display, and make derivative works from and otherwise exploit, all such User Content in whole or in part, and in any form, media or technology, whether now known or hereafter developed, for the purposes of posting such User Content on the ZipRecruiter websites, distributing such User Content through the ZipRecruiter distribution and publishing network and in job alerts to job seekers, and to promote ZipRecruiter and the Services. This license continues even if you stop using the Services.","By posting, submitting, providing and/or otherwise making available any User Content, you expressly grant, and represent that you have a right to grant, to ZipRecruiter, a royalty-free, sublicensable (through multiple layers of sublicensees), perpetual, transferable, non-exclusive, worldwide license to use, sell, reproduce, adapt, translate, sublicense, publicly perform, publicly display, and make derivative works from and otherwise exploit, all such User Content in whole or in part, and in any form, media or technology, whether now known or hereafter developed, for the purposes of posting such User Content on the ZipRecruiter websites, distributing such User Content through the ZipRecruiter distribution and publishing network and in job alerts to job seekers, and to promote ZipRecruiter and the Services. This license continues even if you stop using the Services.",ownership,20,"[-1, 0]","[""100_tos""]","[{""mapped_score"": -1, ""mapping_rule"": ""100_tos:IP"", ""native_label"": ""IP"", ""native_tag"": ""ip -1"", ""source_dataset"": ""100_tos"", ""source_id"": ""ZipRecruiter:9""}, {""mapped_score"": 0, ""mapping_rule"": ""100_tos:IP"", ""native_label"": ""IP"", ""native_tag"": ""ip 0"", ""source_dataset"": ""100_tos"", ""source_id"": ""ZipRecruiter:47""}]",2
